<?xml version="1.0" encoding="UTF-8"?>
<project-private xmlns="http://www.netbeans.org/ns/project-private/1">
    <editor-bookmarks xmlns="http://www.netbeans.org/ns/editor-bookmarks/1"/>
    <editor-bookmarks xmlns="http://www.netbeans.org/ns/editor-bookmarks/2" lastBookmarkId="0"/>
    <open-files xmlns="http://www.netbeans.org/ns/projectui-open-files/2">
        <group>
            <file>file:/C:/Users/Shubham%20Rasal/Desktop/CarBooking/web/pay_money.jsp</file>
            <file>file:/C:/Users/Shubham%20Rasal/Desktop/CarBooking/web/header.jsp</file>
            <file>file:/C:/Users/Shubham%20Rasal/Desktop/CarBooking/web/home_login.jsp</file>
            <file>file:/C:/Users/Shubham%20Rasal/Desktop/CarBooking/src/java/GetAmt.java</file>
            <file>file:/C:/Users/Shubham%20Rasal/Desktop/CarBooking/src/java/PayMoney.java</file>
            <file>file:/C:/Users/Shubham%20Rasal/Desktop/CarBooking/web/home.jsp</file>
        </group>
    </open-files>
</project-private>
